method,pattern,rate,seed,mdape,flips,coverage
PEDIGREE,MCAR,0.05,0,0.03295131406585788,0.03365953330166009,0.039473684210526314
KNN,MCAR,0.05,0,0.02205057404653515,0.012260815379424786,0.8552631578947368
SOFTIMPUTE,MCAR,0.05,0,0.030090139370296476,0.018340012256167673,
VAE,MCAR,0.05,0,0.03484984367072511,0.012242224563287957,0.0
GNN,MCAR,0.05,0,0.034844682362910946,0.012242224563287957,0.0
PEDIGREE,MCAR,0.05,1,0.0371557649689489,0.0,0.09210526315789473
KNN,MCAR,0.05,1,0.038363370670208174,0.0,0.9736842105263158
SOFTIMPUTE,MCAR,0.05,1,0.05025296729353633,0.0,
VAE,MCAR,0.05,1,0.020337987043829275,0.0,0.09210526315789473
GNN,MCAR,0.05,1,0.020008444316188454,0.0,0.02631578947368421
PEDIGREE,MCAR,0.05,2,0.026683909132672393,0.01832176571440375,0.15789473684210525
KNN,MCAR,0.05,2,0.020938755183409197,0.006125846054271412,0.6973684210526315
SOFTIMPUTE,MCAR,0.05,2,0.019803034581969508,0.0015337423312883436,
VAE,MCAR,0.05,2,0.020287232986084522,0.0030488938464398587,0.0
GNN,MCAR,0.05,2,0.02093047095654008,0.0030488938464398587,0.013157894736842105
PEDIGREE,MCAR,0.1,0,0.03944827818797029,0.010746008138646176,0.27631578947368424
KNN,MCAR,0.1,0,0.08492525116076968,0.03056433455206461,0.7763157894736842
SOFTIMPUTE,MCAR,0.1,0,0.036398155563791224,0.01991162476847548,
VAE,MCAR,0.1,0,0.038822076087429894,0.015319521045492416,0.013157894736842105
GNN,MCAR,0.1,0,0.03893057794427973,0.015319521045492416,0.013157894736842105
PEDIGREE,MCAR,0.1,1,0.07991665242581948,0.02597188655470864,0.19736842105263158
KNN,MCAR,0.1,1,0.09312599328759988,0.01675962074735081,0.9605263157894737
SOFTIMPUTE,MCAR,0.1,1,0.03027100212108879,0.012205042931014301,
VAE,MCAR,0.1,1,0.03680194948867623,0.01224222456328796,0.013157894736842105
GNN,MCAR,0.1,1,0.03696739687300561,0.01224222456328796,0.0
PEDIGREE,MCAR,0.1,2,0.054871125297621184,0.030536276190672916,0.3684210526315789
KNN,MCAR,0.1,2,0.08149460825776902,0.047361481206061984,0.9078947368421053
SOFTIMPUTE,MCAR,0.1,2,0.03869110277626925,0.039720483636639055,
VAE,MCAR,0.1,2,0.031391246637730026,0.0366715897901992,0.02631578947368421
GNN,MCAR,0.1,2,0.03267129055455794,0.0366715897901992,0.09210526315789473
PEDIGREE,MCAR,0.2,0,0.26399969347567553,0.08392049327632149,0.06578947368421052
KNN,MCAR,0.2,0,0.1683764883843464,0.059641231675996505,0.868421052631579
SOFTIMPUTE,MCAR,0.2,0,0.14434847385689717,0.029067773853049927,
VAE,MCAR,0.2,0,0.12515242659686568,0.03212579097037174,0.0
GNN,MCAR,0.2,0,0.12365410547722194,0.03212579097037174,0.0
PEDIGREE,MCAR,0.2,1,0.16143613666384737,0.08395801918296805,0.13157894736842105
KNN,MCAR,0.2,1,0.10857199318141553,0.1055058079086709,0.8552631578947368
SOFTIMPUTE,MCAR,0.2,1,0.10246624350017974,0.07635385897144588,
VAE,MCAR,0.2,1,0.08346554244798056,0.0732867185832421,0.06578947368421052
GNN,MCAR,0.2,1,0.08225738374724272,0.0732867185832421,0.02631578947368421
PEDIGREE,MCAR,0.2,2,0.20270130909993647,0.047370948751316845,0.07894736842105263
KNN,MCAR,0.2,2,0.09502293655194716,0.05496529714321125,0.7894736842105263
SOFTIMPUTE,MCAR,0.2,2,0.080660531577092,0.016778555837860542,
VAE,MCAR,0.2,2,0.08840610400315696,0.013766843623694338,0.0
GNN,MCAR,0.2,2,0.090840751023625,0.013748252807557511,0.0
PEDIGREE,MCAR,0.4,0,0.37582304430904534,0.1619585424800149,0.02631578947368421
KNN,MCAR,0.4,0,0.4674854089761614,0.13893278387143418,0.5789473684210527
SOFTIMPUTE,MCAR,0.4,0,0.1440252626328199,0.09620127656937472,
VAE,MCAR,0.4,0,0.1404422609635009,0.12221946802723899,0.02631578947368421
GNN,MCAR,0.4,0,0.14561049959012967,0.12221946802723899,0.0
PEDIGREE,MCAR,0.4,1,0.46566193580088766,0.09776238871330895,0.039473684210526314
KNN,MCAR,0.4,1,0.41377717785783036,0.12520346615438638,0.6842105263157895
SOFTIMPUTE,MCAR,0.4,1,0.2421207639678117,0.09455461224377379,
VAE,MCAR,0.4,1,0.1351216191693637,0.09005615115022068,0.07894736842105263
GNN,MCAR,0.4,1,0.15334505531387851,0.09310504499666054,0.05263157894736842
PEDIGREE,MCAR,0.4,2,0.16574754317558207,0.18464828930064103,0.2631578947368421
KNN,MCAR,0.4,2,0.3471010867161247,0.24280277209725062,0.7236842105263158
SOFTIMPUTE,MCAR,0.4,2,0.18622807138035746,0.13276063291400714,
VAE,MCAR,0.4,2,0.13492251862401566,0.16941294333932372,0.0
GNN,MCAR,0.4,2,0.13531118877964649,0.17092809485447522,0.05263157894736842
PEDIGREE,FLOW,0.05,0,0.00543416448783149,0.0015432098765432098,0.7631578947368421
KNN,FLOW,0.05,0,0.009185133272608738,0.0015432098765432098,1.0
SOFTIMPUTE,FLOW,0.05,0,0.0022754239904599293,0.0,
VAE,FLOW,0.05,0,0.00686128119466741,0.0,0.8157894736842105
GNN,FLOW,0.05,0,0.022059320896651673,0.006172839506172839,0.75
PEDIGREE,FLOW,0.05,1,0.017975576425188714,0.004545454545454545,0.8026315789473685
KNN,FLOW,0.05,1,0.018679578124697224,0.0,0.7894736842105263
SOFTIMPUTE,FLOW,0.05,1,0.01726212011246189,0.0,
VAE,FLOW,0.05,1,0.01978684328809268,0.0,0.8157894736842105
GNN,FLOW,0.05,1,0.09120871720774618,0.019696969696969695,1.0
PEDIGREE,FLOW,0.05,2,0.0021434960352761006,0.0,0.7763157894736842
KNN,FLOW,0.05,2,0.0021825653184356177,0.0,0.75
SOFTIMPUTE,FLOW,0.05,2,6.711631011054155e-05,0.0,
VAE,FLOW,0.05,2,0.0004785137365740106,0.0,1.0
GNN,FLOW,0.05,2,0.001499021943356483,0.0,0.8157894736842105
PEDIGREE,FLOW,0.1,0,0.13515578429886668,0.007575757575757576,0.75
KNN,FLOW,0.1,0,0.0673531992089295,0.024242424242424242,0.8552631578947368
SOFTIMPUTE,FLOW,0.1,0,0.296758314662265,0.013636363636363636,
VAE,FLOW,0.1,0,0.07198124225351586,0.01818181818181818,0.7763157894736842
GNN,FLOW,0.1,0,0.18151086965761476,0.04242424242424243,0.8157894736842105
PEDIGREE,FLOW,0.1,1,0.0001334559239570968,0.0,0.7894736842105263
KNN,FLOW,0.1,1,0.00014824556735213644,0.0,0.7631578947368421
SOFTIMPUTE,FLOW,0.1,1,0.0001547586110808416,0.0,
VAE,FLOW,0.1,1,8.799695446217714e-05,0.0,0.9868421052631579
GNN,FLOW,0.1,1,0.00113204122959905,0.0,0.7894736842105263
PEDIGREE,FLOW,0.1,2,0.06881241186935244,0.029320987654320986,0.8289473684210527
KNN,FLOW,0.1,2,0.08443015561034517,0.010802469135802469,0.75
SOFTIMPUTE,FLOW,0.1,2,0.11614098269610737,0.024691358024691357,
VAE,FLOW,0.1,2,0.09675796891344281,0.016975308641975308,0.75
GNN,FLOW,0.1,2,0.07478091542639034,0.029320987654320986,0.75
PEDIGREE,FLOW,0.2,0,0.20779608209630304,0.009202453987730062,0.5921052631578947
KNN,FLOW,0.2,0,0.008887783462129494,0.0015337423312883436,0.8421052631578947
SOFTIMPUTE,FLOW,0.2,0,0.1082366881125164,0.003067484662576687,
VAE,FLOW,0.2,0,0.0985083006511735,0.0,0.75
GNN,FLOW,0.2,0,0.12971413959999137,0.05368098159509203,0.6710526315789473
PEDIGREE,FLOW,0.2,1,0.06401056018626348,0.031818181818181815,0.7368421052631579
KNN,FLOW,0.2,1,0.05890938583890361,0.01818181818181818,0.5394736842105263
SOFTIMPUTE,FLOW,0.2,1,0.06834487950196459,0.015151515151515152,
VAE,FLOW,0.2,1,0.0784758296203092,0.031818181818181815,0.8947368421052632
GNN,FLOW,0.2,1,2.8315344291561804,0.08181818181818182,0.75
PEDIGREE,FLOW,0.2,2,0.0009976777011439103,0.0015432098765432098,0.881578947368421
KNN,FLOW,0.2,2,0.024625786762036913,0.0015432098765432098,0.9868421052631579
SOFTIMPUTE,FLOW,0.2,2,0.0031040935491673063,0.0015432098765432098,
VAE,FLOW,0.2,2,0.023693352092621377,0.0015432098765432098,0.75
GNN,FLOW,0.2,2,0.010402021402130304,0.006172839506172839,0.75
PEDIGREE,FLOW,0.4,0,0.06975646309128539,0.05693781716276604,0.7368421052631579
KNN,FLOW,0.4,0,0.06081683490299063,0.02151973036431114,0.8157894736842105
SOFTIMPUTE,FLOW,0.4,0,0.7065991367188044,0.03688555631295917,
VAE,FLOW,0.4,0,0.44213556215903943,0.04761228508672272,0.618421052631579
GNN,FLOW,0.4,0,0.8364761366208702,0.11059039612209345,0.5263157894736842
PEDIGREE,FLOW,0.4,1,0.17532789315406905,0.062121212121212126,0.3815789473684211
KNN,FLOW,0.4,1,0.13475401728446768,0.024242424242424242,0.8026315789473685
SOFTIMPUTE,FLOW,0.4,1,2.254402369372456,0.06515151515151515,
VAE,FLOW,0.4,1,7.388341334436671,0.0803030303030303,0.3684210526315789
GNN,FLOW,0.4,1,2.0835863136477366,0.13636363636363635,0.47368421052631576
PEDIGREE,FLOW,0.4,2,0.10987725120364139,0.03047034764826176,0.3815789473684211
KNN,FLOW,0.4,2,0.12696861494401676,0.03669827105409927,0.7631578947368421
SOFTIMPUTE,FLOW,0.4,2,0.5293549300822735,0.025906302286670384,
VAE,FLOW,0.4,2,0.8391232608711909,0.061015058561070826,0.3684210526315789
GNN,FLOW,0.4,2,0.6889485121461031,0.07784904257296896,0.3684210526315789
PEDIGREE,BLOCK,0.05,0,0.009611821342648746,0.0,0.5
KNN,BLOCK,0.05,0,0.06259629728017757,0.0,1.0
SOFTIMPUTE,BLOCK,0.05,0,0.032703142205359276,0.0,
VAE,BLOCK,0.05,0,0.12692910128265647,0.0,0.42105263157894735
GNN,BLOCK,0.05,0,0.024115627983451078,0.0,0.25
PEDIGREE,BLOCK,0.05,1,0.010539676214811385,0.0,1.0
KNN,BLOCK,0.05,1,0.010539676214811385,0.0,0.5
SOFTIMPUTE,BLOCK,0.05,1,0.07395816417491367,0.0,
VAE,BLOCK,0.05,1,0.03382200676692498,0.0,0.0
GNN,BLOCK,0.05,1,0.6239547494979358,0.02274586354340956,0.0
PEDIGREE,BLOCK,0.05,2,0.00506955850085942,0.0,0.0
KNN,BLOCK,0.05,2,0.00506955850085942,0.0,0.0
SOFTIMPUTE,BLOCK,0.05,2,0.016595547722986537,0.0,
VAE,BLOCK,0.05,2,0.14727362547142164,0.004545454545454545,0.0
GNN,BLOCK,0.05,2,0.10607567512536466,0.0,0.0
PEDIGREE,BLOCK,0.1,0,0.04805382156556481,0.022904057617759047,0.7236842105263158
KNN,BLOCK,0.1,0,0.04296058499294621,0.022904057617759047,0.6842105263157895
SOFTIMPUTE,BLOCK,0.1,0,0.12066172647692874,0.06872232894727782,
VAE,BLOCK,0.1,0,0.2678376721312315,0.05182241639296854,0.3157894736842105
GNN,BLOCK,0.1,0,0.040983595880139806,0.03966402263948276,0.4605263157894737
PEDIGREE,BLOCK,0.1,1,0.05019050124677693,0.0,0.618421052631579
KNN,BLOCK,0.1,1,0.17093819950134354,0.0,0.8026315789473685
SOFTIMPUTE,BLOCK,0.1,1,0.17390407830756716,0.0,
VAE,BLOCK,0.1,1,0.06314605728600217,0.0,0.6973684210526315
GNN,BLOCK,0.1,1,0.29420459384657605,0.004545454545454545,0.75
PEDIGREE,BLOCK,0.1,2,0.12704710714387993,0.00909090909090909,0.5789473684210527
KNN,BLOCK,0.1,2,0.15476202410683568,0.010643242238334263,0.7763157894736842
SOFTIMPUTE,BLOCK,0.1,2,0.31605954564696864,0.03193953853463056,
VAE,BLOCK,0.1,2,0.3685838233287983,0.012205387205387205,0.4868421052631579
GNN,BLOCK,0.1,2,0.19117108697328555,0.01065270978358913,0.05263157894736842
PEDIGREE,BLOCK,0.2,0,0.01630038364635892,0.0,0.8421052631578947
KNN,BLOCK,0.2,0,0.01630038364635892,0.0,0.6973684210526315
SOFTIMPUTE,BLOCK,0.2,0,0.10002431980232657,0.0,
VAE,BLOCK,0.2,0,0.24953881488445578,0.00909090909090909,0.07894736842105263
GNN,BLOCK,0.2,0,0.09637985777836121,0.0,0.06578947368421052
PEDIGREE,BLOCK,0.2,1,0.10957998398056076,0.024465858310439084,0.0
KNN,BLOCK,0.2,1,0.22180481308790873,0.024447267494302257,0.0
SOFTIMPUTE,BLOCK,0.2,1,0.14220837015792004,0.003076952207831553,
VAE,BLOCK,0.2,1,0.13369434905900887,0.0,0.013157894736842105
GNN,BLOCK,0.2,1,1.36179062494699,0.03643799962818368,0.013157894736842105
PEDIGREE,BLOCK,0.2,2,0.07558006969811307,0.0,0.0
KNN,BLOCK,0.2,2,0.1653718529780896,0.0,0.0
SOFTIMPUTE,BLOCK,0.2,2,0.12816406140186865,0.0,
VAE,BLOCK,0.2,2,0.25731225210285036,0.0030303030303030303,0.0
GNN,BLOCK,0.2,2,1.3679956122689623,0.024242424242424242,0.0
PEDIGREE,BLOCK,0.4,0,0.14380050208097117,0.01983657295518236,0.15789473684210525
KNN,BLOCK,0.4,0,0.22066092275331356,0.018321421440030846,0.3157894736842105
SOFTIMPUTE,BLOCK,0.4,0,0.36234513197795526,0.07180874870036424,
VAE,BLOCK,0.4,0,0.49427450355201447,0.053365626269511746,0.3684210526315789
GNN,BLOCK,0.4,0,0.12323944304968087,0.04273150730205945,0.0
PEDIGREE,BLOCK,0.4,1,0.1459983619676944,0.038102221946802725,0.4605263157894737
KNN,BLOCK,0.4,1,0.27176334026691373,0.025943828193316944,0.618421052631579
SOFTIMPUTE,BLOCK,0.4,1,0.4508271560246064,0.04417263982703655,
VAE,BLOCK,0.4,1,0.16926026415193632,0.018265993265993267,0.5263157894736842
GNN,BLOCK,0.4,1,1.7100657776288144,0.037934560327198365,0.039473684210526314
PEDIGREE,BLOCK,0.4,2,0.148654658525691,0.038102221946802725,0.27631578947368424
KNN,BLOCK,0.4,2,0.24512377320497833,0.01986463131657406,0.7763157894736842
SOFTIMPUTE,BLOCK,0.4,2,0.4306319169572685,0.045687791342188075,
VAE,BLOCK,0.4,2,0.3674814883058414,0.012205387205387205,0.39473684210526316
GNN,BLOCK,0.4,2,0.4436046782400668,0.01213980293734895,0.013157894736842105
